year,per capita income
2020,41288.69409441762
2025,45431.01947053103
2030,49573.34484664467
2035,53715.670222758316
2040,57857.99559887173
